"Orden";"Símbolo";"Nombre";"Numero Atomico";"Grupo";"Periodo";"Tipo";"Subtipo";"Estado";"Valencia";"peso atómico
(uma)";"density g/mL";"Punto Ebullicion";"Punto Fusion";"peso atómico
(uma)";"Cant_Val";"Nombre_ESP";"Oxidos_ESP";"Hidruros_ESP";"Hidroxidos_ESP";"Hidracidos_ESP";"Oxosales_ESP";"Sales_ESP"
1;"H";"Hidrógeno";1;1;1;"No Metal";"Otros No Metales";"Gas";1;"1.007975";"0.0000699";"-252.9";"-259.1";"1.007975";1;"Hidrógeno";"Hidrógeno";"Hidrógeno";"Hidrógeno";"Hidrógeno";"Hidrógeno";"Hidrógeno"
2;"He";"Helio";2;18;1;"Gas Noble";"-";"Gas";0;"4.002602";"0.000179";"-268.9";"-272.2";"4.002602";1;"Helio";"Helio";"Helio";"Helio";"Helio";"Helio";"Helio"
3;"Li";"Litio";3;1;2;"Metal";"Alcalinos";"Sólido";1;"6.9675";543;1342;"180.5";"6.9675";1;"Litio";"Litio";"Litio";"Litio";"Litio";"Litio";"Litio"
4;"Be";"Berilio";4;2;2;"Metal";"Alcalinotérreos";"Sólido";2;"9.0121831";"1.85";2970;1278;"9.0121831";1;"Berilio";"Berilio";"Berilio";"Berilio";"Berilio";"Berilio";"Berilio"
5;"B";"Boro";5;13;2;"Metaloide";"-";"Sólido";3;"10.8135";"2.34";2550;2079;"10.8135";1;"Boro";"Boro";"Boro";"Boro";"Boro";"Boro";"Boruro"
6;"C";"Carbono";6;14;2;"No Metal";"Otros No Metales";"Sólido";"2;4";"12.0106";"2.25";4827;3367;"12.0106";2;"Carbono";"Carbonoso; Carbónico";"Carbonoso; Carbónico";"Carbonoso; Carbónico";"Carbonoso; Carbónico";"Carbonito; Carbonato";"Carbonuro"
7;"N";"Nitrógeno";7;15;2;"No Metal";"Otros No Metales";"Gas";"2;3;4;5";"14.006855";"0.00125";"-195.8";"-209.9";"14.006855";4;"Nitrógeno";"Nitrogenoso; Nítrico";"Nitrogenoso; Nítrico";"Nitrogenoso; Nítrico";"Nitrogenoso; Nítrico";"Nitrito; Nitrato";"Nitruro"
8;"O";"Oxígeno";8;16;2;"No Metal";"Otros No Metales";"Gas";2;"15.9994";"0.00143";-183;"-218.4";"15.9994";1;"Oxígeno";"Oxígeno";"Oxígeno";"Oxígeno";"Oxígeno";"Oxígeno";"Oxígeno"
9;"F";"Flúor";9;17;2;"No Metal";"Halógenos";"Gas";1;"18.998403163";"0.0017";"-188.1";"-219.8";"18.998403163";1;"Flúor";"Flúor";"Flúor";"Flúor";"Flúor";"Flúor";"Fluoruro"
10;"Ne";"Neón";10;18;2;"Gas Noble";"-";"Gas";0;"20.1797";"0.0009";"-248.7";-248;"20.1797";1;"Neón";"Neón";"Neón";"Neón";"Neón";"Neón";"Neón"
11;"Na";"Sodio";11;1;3;"Metal";"Alcalinos";"Sólido";1;"22.98976928";971;883;"97.8";"22.98976928";1;"Sodio";"Sodio";"Sodio";"Sodio";"Sodio";"Sodio";"Sodio"
12;"Mg";"Magnesio";12;2;3;"Metal";"Alcalinotérreos";"Sólido";2;"24.3055";"1.74";1090;649;"24.3055";1;"Magnesio";"Magnesio";"Magnesio";"Magnesio";"Magnesio";"Magnesio";"Magnesio"
13;"Al";"Aluminio";13;13;3;"Metal";"Metales del Bloque p";"Sólido";3;"26.9815385";"2.7";2467;660;"26.9815385";1;"Aluminio";"Aluminio";"Aluminio";"Aluminio";"Aluminio";"Aluminio";"Aluminio"
14;"Si";"Silicio";14;14;3;"Metaloide";"-";"Sólido";4;28085;"2.33";2355;1410;28085;1;"Silicio";"Silicio";"Silicio";"Silicio";"Silicio";"Silicio";"Siliciuro"
15;"P";"Fósforo";15;15;3;"No Metal";"Otros No Metales";"Sólido";"3;4;5";"30.973761998";"1.82";280;"44.1";"30.973761998";3;"Fósforo";"Fosforoso; Fosfórico";"Fosforoso; Fosfórico";"Fosforoso; Fosfórico";"Fosforoso; Fosfórico";"Fosforito; Fosfato";"Fosfuro"
16;"S";"Azufre";16;16;3;"No Metal";"Otros No Metales";"Sólido";"2;4;6";"32.0675";"2.07";"444.7";"112.8";"32.0675";3;"Azufre";"Sulfuroso; Sulfúrico";"Sulfuroso; Sulfúrico";"Sulfuroso; Sulfúrico";"Sulfuroso; Sulfúrico";"Sulfito; Sulfato";"Sulfuro"
17;"Cl";"Cloro";17;17;3;"No Metal";"Halógenos";"Gas";"1;3;5;7";"35.4515";"0.00321";"-34.6";-101;"35.4515";4;"Cloro";"Cloroso; Clórico";"Cloroso; Clórico";"Cloroso; Clórico";"Cloroso; Clórico";"Clorito; Clorato";"Cloruro"
18;"Ar";"Argón";18;18;3;"Gas Noble";"-";"Gas";0;39948;"0.00178";"-185.7";"-189.2";39948;1;"Argón";"Argón";"Argón";"Argón";"Argón";"Argón";"Argón"
19;"K";"Potasio";19;1;4;"Metal";"Alcalinos";"Sólido";1;"39.0983";"0.86";760;"63.25";"39.0983";1;"Potasio";"Potasio";"Potasio";"Potasio";"Potasio";"Potasio";"Potasio"
20;"Ca";"Calcio";20;2;4;"Metal";"Alcalinotérreos";"Sólido";2;40078;"1.55";1484;839;40078;1;"Calcio";"Calcio";"Calcio";"Calcio";"Calcio";"Calcio";"Calcio"
21;"Sc";"Escandio";21;3;4;"Metal";"Metales de Transición";"Sólido";3;"44.955908";"2.99";2832;1541;"44.955908";1;"Escandio";"Escandio";"Escandio";"Escandio";"Escandio";"Escandio";"Escandio"
22;"Ti";"Titanio";22;4;4;"Metal";"Metales de Transición";"Sólido";"3;4";47867;"4.54";3287;1660;47867;2;"Titanio";"Titanioso; Titánico";"Titanioso; Titánico";"Titanioso; Titánico";"Titanioso; Titánico";"Titanioso; Titánico";"Titanioso; Titánico"
23;"V";"Vanadio";23;5;4;"Metal";"Metales de Transición";"Sólido";"2;3;4;5";"50.9415";"6.11";3380;1890;"50.9415";4;"Vanadio";"Vanadioso; Vanádico";"Vanadioso; Vanádico";"Vanadioso; Vanádico";"Vanadioso; Vanádico";"Vanadioso; Vanádico";"Vanadioso; Vanádico"
24;"Cr";"Cromo";24;6;4;"Metal";"Metales de Transición";"Sólido";"2;3;6";"51.9961";"7.19";2672;1857;"51.9961";3;"Cromo";"Cromoso; Crómico";"Cromoso; Crómico";"Cromoso; Crómico";"Cromoso; Crómico";"Cromoso; Crómico";"Cromoso; Crómico"
25;"Mn";"Manganeso";25;7;4;"Metal";"Metales de Transición";"Sólido";"2;3;4;6;7";"54.938044";"7.43";1962;1244;"54.938044";5;"Manganeso";"Manganoso; Manganésico";"Manganoso; Manganésico";"Manganoso; Manganésico";"Manganoso; Manganésico";"Manganoso; Manganésico";"Manganoso; Manganésico"
26;"Fe";"Hierro";26;8;4;"Metal";"Metales de Transición";"Sólido";"2;3";55845;"7.86";2750;1535;55845;2;"Hierro";"Ferroso; Férrico";"Ferroso; Férrico";"Ferroso; Férrico";"Ferroso; Férrico";"Ferroso; Férrico";"Ferroso; Férrico"
27;"Co";"Cobalto";27;9;4;"Metal";"Metales de Transición";"Sólido";"2;3";"58.933194";"8.9";2870;1495;"58.933194";2;"Cobalto";"Cobaltoso;  Cobáltico";"Cobaltoso;  Cobáltico";"Cobaltoso;  Cobáltico";"Cobaltoso;  Cobáltico";"Cobaltoso;  Cobáltico";"Cobaltoso;  Cobáltico"
28;"Ni";"Níquel";28;10;4;"Metal";"Metales de Transición";"Sólido";"2;3";"58.6934";"8.9";2730;1453;"58.6934";2;"Níquel";"Niqueloso; Niquélico";"Niqueloso; Niquélico";"Niqueloso; Niquélico";"Niqueloso; Niquélico";"Niqueloso; Niquélico";"Niqueloso; Niquélico"
29;"Cu";"Cobre";29;11;4;"Metal";"Metales de Transición";"Sólido";"1;2";63546;"8.96";2567;1083;63546;2;"Cobre";"Cuproso; Cúprico";"Cuproso; Cúprico";"Cuproso; Cúprico";"Cuproso; Cúprico";"Cuproso; Cúprico";"Cuproso; Cúprico"
30;"Zn";"Zinc";30;12;4;"Metal";"Metales de Transición";"Sólido";2;"65.38";"7.13";906;"419.6";"65.38";1;"Zinc";"Zinc";"Zinc";"Zinc";"Zinc";"Zinc";"Zinc"
31;"Ga";"Galio";31;13;4;"Metal";"Metales del Bloque p";"Líquido";3;69723;"5.9";2403;"29.8";69723;1;"Galio";"Galio";"Galio";"Galio";"Galio";"Galio";"Galio"
32;"Ge";"Germanio";32;14;4;"Metaloide";"-";"Sólido";4;"72.63";"5.32";2830;"947.4";"72.63";1;"Germanio";"Germanio";"Germanio";"Germanio";"Germanio";"Germanio";"Gemaruro"
33;"As";"Arsénico";33;15;4;"Metaloide";"-";"Sólido";"3;5";"74.921595";"5.73";617;817;"74.921595";2;"Arsénico";"Arsenioso; Arsénico";"Arsenioso; Arsénico";"Arsenioso; Arsénico";"Arsenioso; Arsénico";"Arsenioso; Arsénico";"Arsenuro"
34;"Se";"Selenio";34;16;4;"No Metal";"Otros No Metales";"Sólido";"4;6";78971;"4.79";685;217;78971;2;"Selenio";"Selenioso; Selénico";"Selenioso; Selénico";"Selenioso; Selénico";"Selenioso; Selénico";"Selenito; Selenato";"Selenuro"
35;"Br";"Bromo";35;17;4;"No Metal";"Halógenos";"Líquido";"1;5";79904;"3.12";"58.8";"-7.2";79904;2;"Bromo";"Bromoso; Brómico";"Bromoso; Brómico";"Bromoso; Brómico";"Bromoso; Brómico";"Bromito; Bromato";"Bromuro"
36;"Kr";"Kriptón";36;18;4;"Gas Noble";"-";"Gas";0;83798;"0.00374";-152;-157;83798;1;"Kriptón";"Kriptón";"Kriptón";"Kriptón";"Kriptón";"Kriptón";"Kriptón"
37;"Rb";"Rubidio";37;1;5;"Metal";"Alcalinos";"Sólido";1;"85.4678";"1.53";686;"38.9";"85.4678";1;"Rubidio";"Rubidio";"Rubidio";"Rubidio";"Rubidio";"Rubidio";"Rubidio"
38;"Sr";"Estroncio";38;2;5;"Metal";"Alcalinotérreos";"Sólido";2;"87.62";"2.54";1384;769;"87.62";1;"Estroncio";"Estroncio";"Estroncio";"Estroncio";"Estroncio";"Estroncio";"Estroncio"
39;"Y";"Itrio";39;3;5;"Metal";"Metales de Transición";"Sólido";3;"88.90584";"4.47";3337;1523;"88.90584";1;"Itrio";"Itrio";"Itrio";"Itrio";"Itrio";"Itrio";"Itrio"
40;"Zr";"Circonio";40;4;5;"Metal";"Metales de Transición";"Sólido";4;91224;"6.51";4377;1852;91224;1;"Circonio";"Circonio";"Circonio";"Circonio";"Circonio";"Circonio";"Circonio"
41;"Nb";"Niobio";41;5;5;"Metal";"Metales de Transición";"Sólido";"3;5";"92.90637";"8.57";4742;2468;"92.90637";2;"Niobio";"Niobioso; Nióbico";"Niobioso; Nióbico";"Niobioso; Nióbico";"Niobioso; Nióbico";"Niobioso; Nióbico";"Niobioso; Nióbico"
42;"Mo";"Molibdeno";42;6;5;"Metal";"Metales de Transición";"Sólido";"2;3;4;5;6";"95.95";"10.2";4612;2617;"95.95";5;"Molibdeno";"Molibdenoso; Molibdénico";"Molibdenoso; Molibdénico";"Molibdenoso; Molibdénico";"Molibdenoso; Molibdénico";"Molibdenoso; Molibdénico";"Molibdenoso; Molibdénico"
43;"Tc";"Tecnecio";43;7;5;"Metal";"Metales de Transición";"Sólido";7;98;"11.5";4877;2172;98;1;"Tecnecio";"Tecnecio";"Tecnecio";"Tecnecio";"Tecnecio";"Tecnecio";"Tecnecio"
44;"Ru";"Rutenio";44;8;5;"Metal";"Metales de Transición";"Sólido";"2;3;4;6;8";"101.07";"12.4";3900;2310;"101.07";5;"Rutenio";"Rutenioso; Ruténico";"Rutenioso; Ruténico";"Rutenioso; Ruténico";"Rutenioso; Ruténico";"Rutenioso; Ruténico";"Rutenioso; Ruténico"
45;"Rh";"Rodio";45;9;5;"Metal";"Metales de Transición";"Sólido";"2;3;4";"102.9055";"12.4";3727;1966;"102.9055";3;"Rodio";"Rodioso; Ródico";"Rodioso; Ródico";"Rodioso; Ródico";"Rodioso; Ródico";"Rodioso; Ródico";"Rodioso; Ródico"
46;"Pd";"Paladio";46;10;5;"Metal";"Metales de Transición";"Sólido";"2;4";"106.42";12;3140;1554;"106.42";2;"Paladio";"Paladioso; Paládico";"Paladioso; Paládico";"Paladioso; Paládico";"Paladioso; Paládico";"Paladioso; Paládico";"Paladioso; Paládico"
47;"Ag";"Plata";47;11;5;"Metal";"Metales de Transición";"Sólido";1;"107.8682";"10.5";2212;962;"107.8682";1;"Plata";"Plata";"Plata";"Plata";"Plata";"Plata";"Plata"
48;"Cd";"Cadmio";48;12;5;"Metal";"Metales de Transición";"Sólido";2;112414;"8.65";765;"320.9";112414;1;"Cadmio";"Cadmio";"Cadmio";"Cadmio";"Cadmio";"Cadmio";"Cadmio"
49;"In";"Indio";49;13;5;"Metal";"Metales del Bloque p";"Sólido";3;114818;"7.31";2080;"156.6";114818;1;"Indio";"Indio";"Indio";"Indio";"Indio";"Indio";"Indio"
50;"Sn";"Estaño";50;14;5;"Metal";"Metales del Bloque p";"Sólido";"2;4";"118.71";"7.31";2270;232;"118.71";2;"Estaño";"Estañoso; Estáñico";"Estañoso; Estáñico";"Estañoso; Estáñico";"Estañoso; Estáñico";"Estañoso; Estáñico";"Estañoso; Estáñico"
51;"Sb";"Antimonio";51;15;5;"Metaloide";"-";"Sólido";"3;5";"121.76";"6.69";1950;631;"121.76";2;"Antimonio";"Antimonioso; Antimónico";"Antimonioso; Antimónico";"Antimonioso; Antimónico";"Antimonioso; Antimónico";"Antimonioso; Antimónico";"Antimonuro"
52;"Te";"Teluro";52;16;5;"Metaloide";"-";"Sólido";"2;4;6";"127.6";"6.24";"989.8";"449.5";"127.6";3;"Teluro";"Teluroso; Telúrico";"Teluroso; Telúrico";"Teluroso; Telúrico";"Teluroso; Telúrico";"Teluroso; Telúrico";"Telururo"
53;"I";"Yodo";53;17;5;"No Metal";"Halógenos";"Sólido";"1;5;7";"126.90447";"4.93";184;"113.5";"126.90447";3;"Yodo";"Yodoso; Yódico";"Yodoso; Yódico";"Yodoso; Yódico";"Yodoso; Yódico";"Yodito; Yodato";"Yoduro"
54;"Xe";"Xenón";54;18;5;"Gas Noble";"-";"Gas";0;131293;"0.00589";"-107.1";"-111.8";131293;1;"Xenón";"Xenón";"Xenón";"Xenón";"Xenón";"Xenón";"Xenón"
55;"Cs";"Cesio";55;1;6;"Metal";"Alcalinos";"Líquido";1;"132.90545196";"1.87";669;"28.4";"132.90545196";1;"Cesio";"Cesio";"Cesio";"Cesio";"Cesio";"Cesio";"Cesio"
56;"Ba";"Bario";56;2;6;"Metal";"Alcalinotérreos";"Sólido";2;137327;"3.5";1640;725;137327;1;"Bario";"Bario";"Bario";"Bario";"Bario";"Bario";"Bario"
57;"La";"Lantano";57;3;6;"Metal";"Lantánidos";"Sólido";3;"138.90547";"6.15";3454;920;"138.90547";1;"Lantano";"Lantano";"Lantano";"Lantano";"Lantano";"Lantano";"Lantano"
58;"Ce";"Cerio";58;3;6;"Metal";"Lantánidos";"Sólido";"3;4";140116;"6.66";3257;798;140116;2;"Cerio";"Cerioso; Cérico";"Cerioso; Cérico";"Cerioso; Cérico";"Cerioso; Cérico";"Cerioso; Cérico";"Cerioso; Cérico"
59;"Pr";"Praseodimio";59;3;6;"Metal";"Lantánidos";"Sólido";"3;4";"140.90766";"6.77";3017;931;"140.90766";2;"Praseodimio";"Praseodmioso; Praseódmico";"Praseodmioso; Praseódmico";"Praseodmioso; Praseódmico";"Praseodmioso; Praseódmico";"Praseodmioso; Praseódmico";"Praseodmioso; Praseódmico"
60;"Nd";"Neodimio";60;3;6;"Metal";"Lantánidos";"Sólido";3;144242;7;3127;1016;144242;1;"Neodimio";"Neodimio";"Neodimio";"Neodimio";"Neodimio";"Neodimio";"Neodimio"
61;"Pm";"Prometio";61;3;6;"Metal";"Lantánidos";"Sólido";3;145;"7.26";3000;1042;145;1;"Prometio";"Prometio";"Prometio";"Prometio";"Prometio";"Prometio";"Prometio"
62;"Sm";"Samario";62;3;6;"Metal";"Lantánidos";"Sólido";"3;2";"150.36";"7.52";1794;1074;"150.36";2;"Samario";"Samarioso; Samárico";"Samarioso; Samárico";"Samarioso; Samárico";"Samarioso; Samárico";"Samarioso; Samárico";"Samarioso; Samárico"
63;"Eu";"Europio";63;3;6;"Metal";"Lantánidos";"Sólido";"3;2";151964;"5.24";1529;822;151964;2;"Europio";"Europioso; Európico";"Europioso; Európico";"Europioso; Európico";"Europioso; Európico";"Europioso; Európico";"Europioso; Európico"
64;"Gd";"Gadolinio";64;3;6;"Metal";"Lantánidos";"Sólido";3;"157.25";"7.9";3273;1313;"157.25";1;"Gadolinio";"Gadolinio";"Gadolinio";"Gadolinio";"Gadolinio";"Gadolinio";"Gadolinio"
65;"Tb";"Terbio";65;3;6;"Metal";"Lantánidos";"Sólido";"3;4";"158.92535";"8.23";3230;1365;"158.92535";2;"Terbio";"Terbioso; Térbico";"Terbioso; Térbico";"Terbioso; Térbico";"Terbioso; Térbico";"Terbioso; Térbico";"Terbioso; Térbico"
66;"Dy";"Disprosio";66;3;6;"Metal";"Lantánidos";"Sólido";3;"162.5";"8.55";2567;1412;"162.5";1;"Disprosio";"Disprosio";"Disprosio";"Disprosio";"Disprosio";"Disprosio";"Disprosio"
67;"Ho";"Holmio";67;3;6;"Metal";"Lantánidos";"Sólido";3;"164.93033";"8.8";2700;1474;"164.93033";1;"Holmio";"Holmio";"Holmio";"Holmio";"Holmio";"Holmio";"Holmio"
68;"Er";"Erbio";68;3;6;"Metal";"Lantánidos";"Sólido";3;167259;"9.07";2868;1529;167259;1;"Erbio";"Erbio";"Erbio";"Erbio";"Erbio";"Erbio";"Erbio"
69;"Tm";"Tulio";69;3;6;"Metal";"Lantánidos";"Sólido";"3;2";"168.93422";"9.32";1950;1545;"168.93422";2;"Tulio";"Tulioso; Túlico";"Tulioso; Túlico";"Tulioso; Túlico";"Tulioso; Túlico";"Tulioso; Túlico";"Tulioso; Túlico"
70;"Yb";"Iterbio";70;3;6;"Metal";"Lantánidos";"Sólido";"3;2";173054;"6.97";1196;819;173054;2;"Iterbio";"Iterbioso; Itérbico";"Iterbioso; Itérbico";"Iterbioso; Itérbico";"Iterbioso; Itérbico";"Iterbioso; Itérbico";"Iterbioso; Itérbico"
71;"Lu";"Lutecio";71;3;6;"Metal";"Lantánidos";"Sólido";3;"174.9668";"9.84";3402;1663;"174.9668";1;"Lutecio";"Lutecio";"Lutecio";"Lutecio";"Lutecio";"Lutecio";"Lutecio"
72;"Hf";"Hafnio";72;4;6;"Metal";"Lantánidos";"Sólido";4;"178.49";"13.3";4600;2227;"178.49";1;"Hafnio";"Hafnio";"Hafnio";"Hafnio";"Hafnio";"Hafnio";"Hafnio"
73;"Ta";"Tantalio";73;5;6;"Metal";"Lantánidos";"Sólido";5;"180.94788";"16.6";5425;2996;"180.94788";1;"Tantalio";"Tantalio";"Tantalio";"Tantalio";"Tantalio";"Tantalio";"Tantalio"
74;"W";"Wolframio";74;6;6;"Metal";"Lantánidos";"Sólido";"2;3;4;5;6";"183.84";"19.3";5660;3410;"183.84";5;"Wolframio";"Wolframioso; Wolfrámico";"Wolframioso; Wolfrámico";"Wolframioso; Wolfrámico";"Wolframioso; Wolfrámico";"Wolframioso; Wolfrámico";"Wolframioso; Wolfrámico"
75;"Re";"Renio";75;7;6;"Metal";"Lantánidos";"Sólido";"1;2;4;6;7";186207;21;5600;3180;186207;5;"Renio";"Renioso; Rénico";"Renioso; Rénico";"Renioso; Rénico";"Renioso; Rénico";"Renioso; Rénico";"Renioso; Rénico"
76;"Os";"Osmio";76;8;6;"Metal";"Lantánidos";"Sólido";"2;3;4;6;8";"190.23";"22.6";5030;3045;"190.23";5;"Osmio";"Osmioso; Ósmico";"Osmioso; Ósmico";"Osmioso; Ósmico";"Osmioso; Ósmico";"Osmioso; Ósmico";"Osmioso; Ósmico"
77;"Ir";"Iridio";77;9;6;"Metal";"Lantánidos";"Sólido";"2;3;4;6";192217;"22.4";4130;2410;192217;4;"Iridio";"Iridioso; Irídico";"Iridioso; Irídico";"Iridioso; Irídico";"Iridioso; Irídico";"Iridioso; Irídico";"Iridioso; Irídico"
78;"Pt";"Platino";78;10;6;"Metal";"Lantánidos";"Sólido";"2;4";195084;"21.4";3827;1772;195084;2;"Platino";"Platinoso; Platínico";"Platinoso; Platínico";"Platinoso; Platínico";"Platinoso; Platínico";"Platinoso; Platínico";"Platinoso; Platínico"
79;"Au";"Oro";79;11;6;"Metal";"Lantánidos";"Sólido";"1;3";"196.966569";"19.3";3080;1064;"196.966569";2;"Oro";"Auroso; Áurico";"Auroso; Áurico";"Auroso; Áurico";"Auroso; Áurico";"Auroso; Áurico";"Auroso; Áurico"
80;"Hg";"Mercurio";80;12;6;"Metal";"Lantánidos";"Líquido";"1;2";200592;"13.5";357;"-38.9";200592;2;"Mercurio";"Mercuroso; Mercúrico";"Mercuroso; Mercúrico";"Mercuroso; Mercúrico";"Mercuroso; Mercúrico";"Mercuroso; Mercúrico";"Mercuroso; Mercúrico"
81;"Tl";"Talio";81;13;6;"Metal";"Lantánidos";"Sólido";"1;3";"204.3835";"11.9";1457;303;"204.3835";2;"Talio";"Talioso; Tálico";"Talioso; Tálico";"Talioso; Tálico";"Talioso; Tálico";"Talioso; Tálico";"Talioso; Tálico"
82;"Pb";"Plomo";82;14;6;"Metal";"Lantánidos";"Sólido";"2;4";"207.2";"11.4";1740;"327.5";"207.2";2;"Plomo";"Plomoso; Plómico";"Plomoso; Plómico";"Plomoso; Plómico";"Plomoso; Plómico";"Plomoso; Plómico";"Plomoso; Plómico"
83;"Bi";"Bismuto";83;15;6;"Metal";"Lantánidos";"Sólido";"3;5";"208.9804";"9.75";1560;271;"208.9804";2;"Bismuto";"Bismutoso; Bismútico";"Bismutoso; Bismútico";"Bismutoso; Bismútico";"Bismutoso; Bismútico";"Bismutoso; Bismútico";"Bismutoso; Bismútico"
84;"Po";"Polonio";84;16;6;"Metaloide";"-";"Sólido";"2;4";209;"9.32";962;254;209;2;"Polonio";"Polonioso; Polónico";"Polonioso; Polónico";"Polonioso; Polónico";"Polonioso; Polónico";"Polonioso; Polónico";"Poloniuro"
85;"At";"Astato";85;17;6;"No Metal";"Halógenos";"Sólido";"1;3;5;7";210;;337;302;210;4;"Astato";"Astatoso; Astático";"Astatoso; Astático";"Astatoso; Astático";"Astatoso; Astático";"Astatito; Astato";"Astatuto"
86;"Rn";"Radón";86;18;6;"Gas Noble";"-";"Gas";0;222;"0.00973";"-61.8";-71;222;1;"Radón";"Radón";"Radón";"Radón";"Radón";"Radón";"Radón"
87;"Fr";"Francio";87;1;7;"Metal";"Alcalinos";"Líquido";1;223;;677;27;223;1;"Francio";"Francio";"Francio";"Francio";"Francio";"Francio";"Francio"
88;"Ra";"Radio";88;2;7;"Metal";"Alcalinotérreos";"Sólido";2;226;5;1140;700;226;1;"Radio";"Radio";"Radio";"Radio";"Radio";"Radio";"Radio"
89;"Ac";"Actinio";89;3;7;"Metal";"Actínidos";"Sólido";3;227;"10.1";3200;1050;227;1;"Actinio";"Actinio";"Actinio";"Actinio";"Actinio";"Actinio";"Actinio"
90;"Th";"Torio";90;3;7;"Metal";"Actínidos";"Sólido";4;"232.0377";"11.7";4790;1750;"232.0377";1;"Torio";"Torio";"Torio";"Torio";"Torio";"Torio";"Torio"
91;"Pa";"Protactinio";91;3;7;"Metal";"Actínidos";"Sólido";"4;5";"231.03588";"15.4";4000;1570;"231.03588";2;"Protactinio";"Protactinioso; Protactínico";"Protactinioso; Protactínico";"Protactinioso; Protactínico";"Protactinioso; Protactínico";"Protactinioso; Protactínico";"Protactinioso; Protactínico"
92;"U";"Uranio";92;3;7;"Metal";"Actínidos";"Sólido";"3;4;5;6";"238.02891";19;3818;1132;"238.02891";4;"Uranio";"Uranioso; Uránico";"Uranioso; Uránico";"Uranioso; Uránico";"Uranioso; Uránico";"Uranioso; Uránico";"Uranioso; Uránico"
93;"Np";"Neptunio";93;3;7;"Metal";"Actínidos";"???";"3;4;5;6";237;"20.2";3900;640;237;4;"Neptunio";"Neptunioso; Neptúnico";"Neptunioso; Neptúnico";"Neptunioso; Neptúnico";"Neptunioso; Neptúnico";"Neptunioso; Neptúnico";"Neptunioso; Neptúnico"
94;"Pu";"Plutonio";94;3;7;"Metal";"Actínidos";"???";"3;4;5;6";244;"19.8";3232;641;244;4;"Plutonio";"Plutonioso; Plutónico";"Plutonioso; Plutónico";"Plutonioso; Plutónico";"Plutonioso; Plutónico";"Plutonioso; Plutónico";"Plutonioso; Plutónico"
95;"Am";"Americio";95;3;7;"Metal";"Actínidos";"???";"3;4;5;6";243;"13.7";2607;994;243;4;"Americio";"Americioso; Américo";"Americioso; Américo";"Americioso; Américo";"Americioso; Américo";"Americioso; Américo";"Americioso; Américo"
96;"Cm";"Curio";96;3;7;"Metal";"Actínidos";"???";3;247;"13.5";;1340;247;1;"Curio";"Curio";"Curio";"Curio";"Curio";"Curio";"Curio"
97;"Bk";"Berkelio";97;3;7;"Metal";"Actínidos";"???";"3;4";247;14;;986;247;2;"Berkelio";"Berkelioso; Berkélico";"Berkelioso; Berkélico";"Berkelioso; Berkélico";"Berkelioso; Berkélico";"Berkelioso; Berkélico";"Berkelioso; Berkélico"
98;"Cf";"Californio";98;3;7;"Metal";"Actínidos";"???";3;251;;;;251;1;"Californio";"Californio";"Californio";"Californio";"Californio";"Californio";"Californio"
99;"Es";"Einstenio";99;3;7;"Metal";"Actínidos";"???";4;252;;;;252;1;"Einstenio";"Einstenio";"Einstenio";"Einstenio";"Einstenio";"Einstenio";"Einstenio"
100;"Fm";"Fermio";100;3;7;"Metal";"Actínidos";"???";4;257;;;;257;1;"Fermio";"Fermio";"Fermio";"Fermio";"Fermio";"Fermio";"Fermio"
101;"Md";"Mendelevio";101;3;7;"Metal";"Actínidos";"???";"3;4";258;;;;258;2;"Mendelevio";"Mendelevioso; Mendelévico";"Mendelevioso; Mendelévico";"Mendelevioso; Mendelévico";"Mendelevioso; Mendelévico";"Mendelevioso; Mendelévico";"Mendelevioso; Mendelévico"
102;"No";"Nobelio";102;3;7;"Metal";"Actínidos";"???";"3;4";259;;;;259;2;"Nobelio";"Nobelioso; Nobélico";"Nobelioso; Nobélico";"Nobelioso; Nobélico";"Nobelioso; Nobélico";"Nobelioso; Nobélico";"Nobelioso; Nobélico"
103;"Lr";"Laurencio";103;3;7;"Metal";"Actínidos";"???";"3;4";262;;;;262;2;"Laurencio";"Laurencioso; Lauréncico";"Laurencioso; Lauréncico";"Laurencioso; Lauréncico";"Laurencioso; Lauréncico";"Laurencioso; Lauréncico";"Laurencioso; Lauréncico"
104;"Rf";"Rutherfordio";104;3;7;"Metal";"Actínidos";"???";4;267;;;;267;1;"Rutherfordio";"Rutherfordio";"Rutherfordio";"Rutherfordio";"Rutherfordio";"Rutherfordio";"Rutherfordio"
105;"Db";"Dubnio";105;3;7;"Metal";"Actínidos";"???";4;268;;;;268;1;"Dubnio";"Dubnio";"Dubnio";"Dubnio";"Dubnio";"Dubnio";"Dubnio"
106;"Sg";"Seaborgio";106;3;7;"Metal";"Actínidos";"???";4;271;;;;271;1;"Seaborgio";"Seaborgio";"Seaborgio";"Seaborgio";"Seaborgio";"Seaborgio";"Seaborgio"
107;"Bh";"Bohrio";107;3;7;"Metal";"Actínidos";"???";"3;4;5";272;;;;272;3;"Bohrio";"Bohrioso; Bohrico";"Bohrioso; Bohrico";"Bohrioso; Bohrico";"Bohrioso; Bohrico";"Bohrioso; Bohrico";"Bohrioso; Bohrico"
108;"Hs";"Hassio";108;3;7;"Metal";"Actínidos";"???";"2;4;6;7";270;;;;270;4;"Hassio";"Hassioso; Hássico";"Hassioso; Hássico";"Hassioso; Hássico";"Hassioso; Hássico";"Hassioso; Hássico";"Hassioso; Hássico"
109;"Mt";"Meitnerio";109;3;7;"Metal";"Actínidos";"???";"2;3;4;6";276;;;;276;4;"Meitnerio";"Meitnerioso; Meitnérico";"Meitnerioso; Meitnérico";"Meitnerioso; Meitnérico";"Meitnerioso; Meitnérico";"Meitnerioso; Meitnérico";"Meitnerioso; Meitnérico"
110;"Ds";"Darmstadtio";110;3;7;"Metal";"Actínidos";"???";"2;4";281;;;;281;2;"Darmstadtio";"Darmstadtioso; Darmstádtico";"Darmstadtioso; Darmstádtico";"Darmstadtioso; Darmstádtico";"Darmstadtioso; Darmstádtico";"Darmstadtioso; Darmstádtico";"Darmstadtioso; Darmstádtico"
111;"Rg";"Roentgenio";111;3;7;"Metal";"Actínidos";"???";"2;3";280;;;;280;2;"Roentgenio";"Roentgenioso; Roentgénico";"Roentgenioso; Roentgénico";"Roentgenioso; Roentgénico";"Roentgenioso; Roentgénico";"Roentgenioso; Roentgénico";"Roentgenioso; Roentgénico"
112;"Cn";"Copernicio";112;3;7;"Metal";"Actínidos";"???";"1;2";285;;;;285;2;"Copernicio";"Copernicoso; Copernico";"Copernicoso; Copernico";"Copernicoso; Copernico";"Copernicoso; Copernico";"Copernicoso; Copernico";"Copernicoso; Copernico"
113;"Nh";"Nihonio";113;3;7;"Metal";"Actínidos";"???";3;284;;;;284;1;"Nihonio";"Nihonio";"Nihonio";"Nihonio";"Nihonio";"Nihonio";"Nihonio"
114;"Fl";"Flerovio";114;3;7;"Metal";"Actínidos";"???";"2;4;6";289;;;;289;3;"Flerovio";"Flerovioso; Fleróvico";"Flerovioso; Fleróvico";"Flerovioso; Fleróvico";"Flerovioso; Fleróvico";"Flerovioso; Fleróvico";"Flerovioso; Fleróvico"
115;"Mc";"Moscovio";115;3;7;"Metal";"Actínidos";"???";"1;4;5";288;;;;288;3;"Moscovio";"Moscovioso; Moscóvico";"Moscovioso; Moscóvico";"Moscovioso; Moscóvico";"Moscovioso; Moscóvico";"Moscovioso; Moscóvico";"Moscovioso; Moscóvico"
116;"Lv";"Livermorio";116;3;7;"Metal";"Actínidos";"???";"3;4;5";293;;;;293;3;"Livermorio";"Livermorioso; Livermórico";"Livermorioso; Livermórico";"Livermorioso; Livermórico";"Livermorioso; Livermórico";"Livermorioso; Livermórico";"Livermorioso; Livermórico"
117;"Ts";"Tenesino";117;3;7;"Metal";"Actínidos";"???";"1;2;3";292;;;;292;3;"Tenesino";"Tenesinoso; Tenesínico";"Tenesinoso; Tenesínico";"Tenesinoso; Tenesínico";"Tenesinoso; Tenesínico";"Tenesinoso; Tenesínico";"Tenesinoso; Tenesínico"
118;"Og";"Oganesón";118;3;7;"Metal";"Actínidos";"???";"4;7";294;;;;294;2;"Oganesón";"Oganesonoso; Oganésico";"Oganesonoso; Oganésico";"Oganesonoso; Oganésico";"Oganesonoso; Oganésico";"Oganesonoso; Oganésico";"Oganesonoso; Oganésico"
